<?xml version="1.0" encoding="UTF-8"?>
<project-private xmlns="http://www.netbeans.org/ns/project-private/1">
    <editor-bookmarks xmlns="http://www.netbeans.org/ns/editor-bookmarks/2" lastBookmarkId="1"/>
    <open-files xmlns="http://www.netbeans.org/ns/projectui-open-files/2">
        <group>
            <file>file:/C:/Users/Owner/Desktop/School%20Stuff/Computer%20Science/CSC370%20Files/DilyardProject2/src/proj2/Scheduler.java</file>
            <file>file:/C:/Users/Owner/Desktop/School%20Stuff/Computer%20Science/CSC370%20Files/DilyardProject2/src/proj2/Process.java</file>
            <file>file:/C:/Users/Owner/Desktop/School%20Stuff/Computer%20Science/CSC370%20Files/DilyardProject2/src/proj2/Clock.java</file>
            <file>file:/C:/Users/Owner/Desktop/School%20Stuff/Computer%20Science/CSC370%20Files/DilyardProject2/src/proj2/Interface.java</file>
        </group>
    </open-files>
</project-private>
